# id,Prediction
1.0,23.150526
2.0,25.215986687499996
3.0,25.7694735
4.0,25.04421057142857
5.0,25.067368
6.0,25.431053
7.0,23.115789
8.0,25.458947
9.0,23.644210545454545
10.0,25.425721516129038
11.0,22.9736845
12.0,23.5107895
13.0,24.436842
14.0,24.199474
15.0,25.18832361111111
16.0,22.894912166666668
17.0,23.773684
18.0,25.728947
19.0,23.124737
20.0,24.602105
21.0,24.983684
22.0,25.653157999999998
23.0,23.194473700000003
24.0,23.426316
25.0,23.843158
26.0,24.1646316
27.0,22.840526
28.0,22.810263333333328
29.0,23.584211
30.0,23.513158
31.0,24.010526
32.0,25.901053
33.0,22.717158
34.0,22.97438633333333
35.0,22.958421
36.0,25.7694735
37.0,25.147368
38.0,23.828078850000004
39.0,23.547368428571428
40.0,23.670526
41.0,24.650526
42.0,24.37214576923077
43.0,23.472632
44.0,23.480701666666665
45.0,22.92528504166667
46.0,23.891579
47.0,23.442105
48.0,23.452105250000002
49.0,22.845749
50.0,23.459638187499998
51.0,23.594360714285717
52.0,22.5676315
53.0,23.309122666666667
54.0,23.126316
55.0,22.871432722222224
56.0,25.04421057142857
57.0,23.027368
58.0,22.845749
59.0,23.427368
60.0,23.385438722222222
61.0,23.416316
62.0,25.704035
63.0,23.734737
64.0,23.78
65.0,23.025789
66.0,24.338947
67.0,24.217895
68.0,25.030526
69.0,23.112632
70.0,23.9926315
71.0,23.165789
72.0,25.018596666666667
73.0,24.689924714285716
74.0,23.158421
75.0,24.877614133333335
76.0,24.496316
77.0,22.846316
78.0,25.18832361111111
79.0,23.247895
80.0,24.441053
81.0,24.948421
82.0,24.279473666666664
83.0,24.492105
84.0,23.507368
85.0,24.009474
86.0,23.292158000000004
87.0,25.04421057142857
88.0,23.085789
89.0,23.438421
90.0,23.246579
91.0,22.845749
92.0,25.215986687499996
93.0,25.640526
94.0,23.498421
95.0,25.693158
96.0,22.92528504166667
97.0,24.2383156
98.0,23.285965000000004
99.0,22.798122833333323
100.0,22.836842
101.0,23.112632
102.0,23.262632
103.0,23.587895
104.0,23.25184225
105.0,23.334035166666666
106.0,22.772632
107.0,24.6884212
108.0,25.531315499999998
109.0,23.139474
110.0,24.664737
111.0,22.515351
112.0,24.527368
113.0,22.761766928571433
114.0,25.373158
115.0,25.256316
116.0,23.0918425
117.0,23.857368
118.0,24.0742105
119.0,23.086316
120.0,24.9942105
121.0,22.9736845
122.0,24.632105
123.0,24.165263
124.0,24.803684
125.0,22.187895
126.0,23.362856999999998
127.0,24.09175433333333
128.0,22.850526
129.0,22.943684
130.0,23.037368
131.0,24.368421
132.0,23.450526
133.0,25.003684
134.0,23.2519998
135.0,24.629474
136.0,22.845749
137.0,25.425721516129038
138.0,23.275263
139.0,24.4
140.0,23.382105
141.0,24.395263
142.0,24.9036845
143.0,22.75
144.0,23.2352635
145.0,23.337368
146.0,24.41233911111111
147.0,25.425721516129038
148.0,25.015394999999998
149.0,22.782632
150.0,24.413684
151.0,22.445789
152.0,25.18832361111111
153.0,23.292158000000004
154.0,24.471053
155.0,22.736725111111113
156.0,23.350789499999998
157.0,23.078947
158.0,24.44927783720931
159.0,25.132105
160.0,24.200526
161.0,24.586316
162.0,25.132105
163.0,23.617368250000002
164.0,23.34
165.0,22.403158
166.0,23.314135380952383
167.0,24.554211
168.0,23.649474
169.0,23.352632
170.0,25.449474
171.0,23.828078850000004
172.0,25.49921066666667
173.0,24.607368
174.0,24.545263
175.0,23.03
176.0,22.845749
177.0,22.493368600000004
178.0,24.087895
179.0,22.798122833333323
180.0,24.1651755
181.0,23.346316
182.0,23.285965000000004
183.0,24.977368
184.0,23.181579166666666
185.0,22.521579
186.0,23.193158
187.0,23.555
188.0,24.213684
189.0,22.894912166666668
190.0,22.9418425
191.0,23.298289500000003
192.0,24.16
193.0,22.910526307692308
194.0,24.526316
195.0,24.605789
196.0,23.786842
197.0,23.808158
198.0,23.206842
199.0,23.38436085714286
200.0,23.334035166666666
201.0,23.43995844736843
202.0,25.175789
203.0,23.297368
204.0,22.846842
205.0,23.184211
206.0,23.028947
207.0,23.2352635
208.0,23.193993882352938
209.0,24.572806933333336
210.0,23.437368
211.0,24.654211
212.0,23.075986875000005
213.0,25.3624212
214.0,23.112632
215.0,23.816602727272723
216.0,23.408947
217.0,24.985263
218.0,23.419013375000002
219.0,25.095263
220.0,24.374211
221.0,23.045368400000005
222.0,23.769474
223.0,22.955263
224.0,23.581943384615386
225.0,24.792105
226.0,23.603684
227.0,25.341579
228.0,24.605789
229.0,22.958421
230.0,23.838947
231.0,24.987309999999997
232.0,25.18832361111111
233.0,23.439474
234.0,23.919474
235.0,22.521579
236.0,24.981789499999998
237.0,22.747895
238.0,23.065394875
239.0,23.514211
240.0,24.081579
241.0,23.27
242.0,23.887368
243.0,22.92528504166667
244.0,24.454211
245.0,22.950658
246.0,23.065263
247.0,23.743684
248.0,22.83
249.0,24.629474
250.0,23.009474
251.0,24.292632
252.0,23.397895
253.0,22.7542105
254.0,23.193993882352938
255.0,23.581053
256.0,22.893684
257.0,23.891579
258.0,22.971579
259.0,22.769474
260.0,23.452105
261.0,24.951315666666662
262.0,25.556842
263.0,23.052105
264.0,25.184211
265.0,22.666316
266.0,23.086316
267.0,22.717158
268.0,25.387895
269.0,23.992105
270.0,23.686842
271.0,23.312632
272.0,25.449474
273.0,24.738421
274.0,24.440526
275.0,24.714211
276.0,23.888421
277.0,24.06
278.0,24.704211
279.0,24.934737
280.0,25.462982333333333
281.0,25.184211
282.0,25.259035
283.0,24.864737
284.0,25.142632
285.0,23.148421
286.0,23.069474
287.0,23.973684
288.0,24.193026375
289.0,23.345789
290.0,22.845749
291.0,22.827368
292.0,23.758421
293.0,23.380526
294.0,24.984474
295.0,22.933684
296.0,23.326316
297.0,23.731053
298.0,24.808421
299.0,22.736842
300.0,23.342105
301.0,25.086316
302.0,25.174211
303.0,22.85497969230769
304.0,23.458421
305.0,23.604737
306.0,23.894211
307.0,23.858421
308.0,25.945263
309.0,25.498421
310.0,23.1076315
311.0,25.777894333333336
312.0,24.552105
313.0,24.275263
314.0,22.462632
315.0,22.910526307692308
316.0,23.700263
317.0,23.291579
318.0,25.43
319.0,22.434211
320.0,24.055263
321.0,23.167544000000003
322.0,23.524737
323.0,23.03
324.0,24.65
325.0,22.894912166666668
326.0,24.399670999999998
327.0,24.638421
328.0,24.07
329.0,23.751579
330.0,24.565263
331.0,24.314211
332.0,25.095859733333334
333.0,23.103684
334.0,25.291579
335.0,25.68799027272727
336.0,22.888460111111115
337.0,23.871579
338.0,24.033158
339.0,23.459210499999998
340.0,24.556491333333337
341.0,23.1076315
342.0,23.314135380952383
343.0,23.334211
344.0,23.459638187499998
345.0,23.38436085714286
346.0,25.095263
347.0,24.982895
348.0,22.9548245
349.0,22.493368600000004
350.0,23.181579166666666
351.0,23.426579
352.0,23.205658000000003
353.0,23.99
354.0,23.43995844736843
355.0,25.282105
356.0,25.259035
357.0,24.43087733333333
358.0,23.419013375000002
359.0,22.871432722222224
360.0,23.314135380952383
361.0,22.4174736
362.0,22.946842
363.0,24.65022557142857
364.0,24.886316
365.0,25.18832361111111
366.0,23.634211
367.0,25.298947
368.0,23.275263
369.0,22.4174736
370.0,23.380526
371.0,25.096316
372.0,23.705263
373.0,23.037368
374.0,24.751579
375.0,24.466842
376.0,23.697368
377.0,24.663684
378.0,24.903333500000002
379.0,22.871432722222224
380.0,24.563684
381.0,22.736842
382.0,22.938947499999998
383.0,24.865789
384.0,22.636316
385.0,24.432632
386.0,23.581943384615386
387.0,24.197895
388.0,23.240789499999998
389.0,22.600526
390.0,23.481579
391.0,23.285263
392.0,24.441579
393.0,24.500526
394.0,25.425721516129038
395.0,22.924737
396.0,22.761766928571433
397.0,25.000526
398.0,25.04421057142857
399.0,23.626842
400.0,24.430526
401.0,24.864737
402.0,24.631053
403.0,23.165789
404.0,23.724737
405.0,23.325263
406.0,24.066316
407.0,22.879122666666664
408.0,22.773158
409.0,23.617895
410.0,23.292158000000004
411.0,24.492105
412.0,24.347368
413.0,23.771579
414.0,23.437368
415.0,25.425721516129038
416.0,25.49210533333333
417.0,22.790526
418.0,25.49921066666667
419.0,24.451053
420.0,24.009474
421.0,24.045789
422.0,22.888460111111115
423.0,24.63
424.0,24.964912133333335
425.0,23.184737
426.0,23.447368
427.0,23.5988948
428.0,23.4294734
429.0,22.745394500000003
430.0,25.288947
431.0,23.431579
432.0,24.121579
433.0,23.224737
434.0,25.103158
435.0,23.675789
436.0,23.397895
437.0,24.99
438.0,23.819474
439.0,24.9942105
440.0,24.021053
441.0,25.18832361111111
442.0,22.9418425
443.0,23.528947
444.0,24.685263
445.0,23.0882895
446.0,22.975263
447.0,24.866842
448.0,23.96978953333333
449.0,23.459638187499998
450.0,25.078947
451.0,23.846316
452.0,25.461579
453.0,24.398421
454.0,24.404211
455.0,24.685263
456.0,24.454211
457.0,24.815263
458.0,22.479474
459.0,25.886316
460.0,24.899474
461.0,24.14644725
462.0,24.405789
463.0,22.885263
464.0,22.884211
465.0,23.149474
466.0,22.845749
467.0,23.237368
468.0,23.9415785
469.0,22.755696588235296
470.0,23.913158
471.0,24.6589474
472.0,23.1947365
473.0,23.041053
474.0,23.905789
475.0,22.848421
476.0,25.811053
477.0,24.631579
478.0,23.785789
479.0,25.288947
480.0,23.828078850000004
481.0,23.027368
482.0,24.6884212
483.0,23.426316
484.0,23.157895
485.0,23.06
486.0,23.376316
487.0,24.188947
488.0,23.43995844736843
489.0,23.292158000000004
490.0,24.513158
491.0,23.390526
492.0,23.959474
493.0,23.914211
494.0,22.684947599999997
495.0,23.962632
496.0,22.563157500000003
497.0,23.075986875000005
498.0,23.925789
499.0,23.901579
500.0,25.943684
501.0,24.499474
502.0,23.581943384615386
503.0,23.045368400000005
504.0,22.842632
505.0,22.888460111111115
506.0,25.488947
507.0,25.04
508.0,25.115555555555556
509.0,22.877368
510.0,24.213684
511.0,23.762632
512.0,24.358421
513.0,24.4705265
514.0,25.213684
515.0,24.381722363636367
516.0,22.761766928571433
517.0,25.503684
518.0,23.293684
519.0,23.983684
520.0,22.885789
521.0,25.851053
522.0,22.936140000000005
523.0,23.973684
524.0,23.584211
525.0,23.194473700000003
526.0,22.963684
527.0,24.1651755
528.0,22.85497969230769
529.0,25.096842
530.0,22.736725111111113
531.0,23.075986875000005
532.0,22.888460111111115
533.0,24.516842
534.0,25.291579
535.0,23.408947
536.0,23.148947
537.0,25.18832361111111
538.0,23.5988948
539.0,25.259035
540.0,23.178947333333337
541.0,22.81197383333333
542.0,25.293684
543.0,24.864737
544.0,25.259035
545.0,23.314135380952383
546.0,24.653158
547.0,22.955789
548.0,23.005263285714285
549.0,24.03657875
550.0,23.679474
551.0,23.352763250000002
552.0,22.882632
553.0,23.858421
554.0,24.320526
555.0,23.751579
556.0,23.816602727272723
557.0,23.762631666666664
558.0,25.034211
559.0,24.1760525
560.0,23.43995844736843
561.0,23.708421
562.0,25.201053
563.0,24.401053
564.0,24.65022557142857
565.0,25.158280599999998
566.0,25.3205788
567.0,23.092895
568.0,24.05552625
569.0,22.717158
570.0,23.296841999999998
571.0,23.825263
572.0,22.397368
573.0,24.748421
574.0,22.936140000000005
575.0,23.481579
576.0,23.716316
577.0,23.104737
578.0,22.760526
579.0,22.846316
580.0,25.2986845
581.0,22.820526
582.0,23.7910525
583.0,23.101053
584.0,22.755696588235296
585.0,24.313684
586.0,23.943158
587.0,23.55263175
588.0,24.321053
589.0,23.3317896
590.0,24.620526
591.0,24.82912275
592.0,25.386316
593.0,24.534737
594.0,24.762105
595.0,22.717158
596.0,23.700263
597.0,23.167544000000003
598.0,23.545263
599.0,24.980526
600.0,24.249824444444446
601.0,23.571579
602.0,25.259035
603.0,23.1957895
604.0,23.444211
605.0,23.111053
606.0,24.490526
607.0,23.075986875000005
608.0,22.517368
609.0,23.385438722222222
610.0,25.01963553846154
611.0,23.6244735
612.0,23.298289500000003
613.0,23.978070000000002
614.0,25.193684
615.0,23.165263333333332
616.0,23.695789
617.0,22.927368
618.0,23.466842
619.0,22.63
620.0,25.425721516129038
621.0,22.9167105
622.0,23.092105
623.0,25.29807033333333
624.0,24.809474
625.0,24.955789
626.0,23.130526200000002
627.0,25.541579
628.0,23.26
629.0,25.024737
630.0,22.9167105
631.0,22.805789
632.0,23.289474
633.0,25.167895
634.0,24.546316
635.0,23.353900941176477
636.0,22.761766928571433
637.0,23.13552625
638.0,22.882631333333332
639.0,23.945789
640.0,24.353684
641.0,24.091579
642.0,22.990526374999998
643.0,24.951315666666662
644.0,25.425721516129038
645.0,23.649474
646.0,24.326842
647.0,24.082982333333334
648.0,22.507895
649.0,23.074285857142858
650.0,23.0882895
651.0,22.808947
652.0,23.292632
653.0,22.445263
654.0,24.376842
655.0,23.551579
656.0,25.448421
657.0,23.048421
658.0,24.676053
659.0,24.296842
660.0,22.802632
661.0,24.717368
662.0,24.82912275
663.0,24.984737
664.0,24.690526
665.0,24.512105
666.0,23.034211
667.0,23.422046555555553
668.0,23.314135380952383
669.0,23.338421
670.0,22.581157800000003
671.0,25.524737
672.0,24.004211
673.0,23.511579
674.0,23.547368428571428
675.0,23.26
676.0,25.096316
677.0,25.137368
678.0,22.871432722222224
679.0,24.562280666666666
680.0,24.434737
681.0,25.207368
682.0,23.999737
683.0,23.065394875
684.0,25.68799027272727
685.0,24.512105
686.0,23.011579
687.0,23.712632
688.0,22.75
689.0,22.946316
690.0,24.564211
691.0,23.298289500000003
692.0,22.990526374999998
693.0,23.142632
694.0,25.576316
695.0,23.121053
696.0,24.238947
697.0,24.897368
698.0,25.167895
699.0,25.694737
700.0,23.071053
701.0,23.032632
702.0,24.326316
703.0,24.602105
704.0,25.456578999999998
705.0,22.910526307692308
706.0,23.4904385
707.0,24.134737
708.0,22.781053
709.0,22.761766928571433
710.0,22.928421
711.0,23.459638187499998
712.0,23.167544000000003
713.0,24.188947
714.0,23.385438722222222
715.0,23.143684
716.0,22.82245633333333
717.0,22.736725111111113
718.0,24.638947
719.0,25.033684
720.0,23.29
721.0,23.136842
722.0,24.249824444444446
723.0,25.714211
724.0,23.045368400000005
725.0,22.764407875
726.0,23.47383471428571
727.0,23.792632
728.0,25.211842500000003
729.0,23.43995844736843
730.0,22.434211
731.0,25.167895
732.0,24.15
733.0,25.426842
734.0,23.459638187499998
735.0,24.2971055
736.0,23.000526
737.0,23.556316
738.0,25.668947
739.0,24.361579
740.0,23.626842
741.0,25.18832361111111
742.0,23.310526
743.0,23.828078850000004
744.0,25.158280599999998
745.0,24.993684
746.0,22.4174736
747.0,22.734737
748.0,24.531674636363633
749.0,22.799473666666668
750.0,25.4263155
751.0,24.981789499999998
752.0,23.314135380952383
753.0,23.314135380952383
754.0,23.826316
755.0,23.541053
756.0,24.057982499999998
757.0,23.012632
758.0,23.828078850000004
759.0,22.647719
760.0,23.184211
761.0,22.694385999999998
762.0,23.772105
763.0,25.106316
764.0,22.894912166666668
765.0,23.108421
766.0,23.422046555555553
767.0,23.679474
768.0,24.325789
769.0,25.132632
770.0,24.478421
771.0,22.994211
772.0,24.271053
773.0,25.5139475
774.0,25.211579
775.0,24.202105
776.0,23.493158
777.0,24.214737
778.0,24.541579
779.0,22.652105
780.0,25.362105
781.0,24.2971055
782.0,23.7239475
783.0,23.550526
784.0,23.064737
785.0,22.810263333333328
786.0,23.700263
787.0,23.292158000000004
788.0,24.426052499999997
789.0,23.53
790.0,24.080526
791.0,24.223684
792.0,22.826842
793.0,25.29807033333333
794.0,24.8745262
795.0,25.03017566666667
796.0,23.172105
797.0,25.18832361111111
798.0,22.879398428571427
799.0,23.224737
800.0,23.334035166666666
801.0,24.411053
802.0,23.409561333333333
803.0,24.889474
804.0,23.492456
805.0,23.948421
806.0,23.104737
807.0,22.946842
808.0,23.826316
809.0,23.816602727272723
810.0,23.167544000000003
811.0,23.38436085714286
812.0,23.756842
813.0,23.701579
814.0,24.935789
815.0,23.523158
816.0,23.576842
817.0,23.407895
818.0,22.397368
819.0,23.5323685
820.0,23.42
821.0,23.966842
822.0,25.68799027272727
823.0,24.984737
824.0,25.18832361111111
825.0,24.242632
826.0,25.33
827.0,23.590526
828.0,25.469474
829.0,23.67
830.0,24.51
831.0,23.356842
832.0,23.266842
833.0,22.871432722222224
834.0,24.511579
835.0,22.909474
836.0,24.251053
837.0,22.92528504166667
838.0,24.05552625
839.0,22.761766928571433
840.0,24.452632
841.0,23.042105
842.0,22.562632
843.0,24.44927783720931
844.0,25.298947
845.0,25.331053
846.0,23.611053
847.0,24.8742105
848.0,24.565789
849.0,23.288684
850.0,23.566842
851.0,24.781053
852.0,25.68799027272727
853.0,24.877614133333335
854.0,24.413070166666667
855.0,25.04421057142857
856.0,24.328947
857.0,22.5470526
858.0,24.443421
859.0,24.981789499999998
860.0,24.655263
861.0,24.021579
862.0,25.158280599999998
863.0,24.223684
864.0,23.001053
865.0,25.704035
866.0,25.107895
867.0,23.121053
868.0,25.259035
869.0,23.418947
870.0,23.205789
871.0,23.43995844736843
872.0,24.053158
873.0,23.573157833333337
874.0,23.091053
875.0,25.033684
876.0,23.292158000000004
877.0,23.085789
878.0,25.115555555555556
879.0,23.144999999999996
880.0,25.078947
881.0,23.285965000000004
882.0,24.347368
883.0,25.488947
884.0,24.631053
885.0,23.075263
886.0,22.914737
887.0,22.675263
888.0,23.452105250000002
889.0,23.028947
890.0,23.485789
891.0,23.480701666666665
892.0,23.861053
893.0,23.101053
894.0,22.955263
895.0,23.752368500000003
896.0,24.042105
897.0,25.837895
898.0,25.314211
899.0,23.103684
900.0,25.484211
901.0,25.611842
902.0,23.615263
903.0,24.581579
904.0,23.987368
905.0,24.331842
906.0,22.990526374999998
907.0,23.253158
908.0,24.017368
909.0,24.798421
910.0,23.13552625
911.0,23.101053
912.0,24.56353371428571
913.0,25.297543833333332
914.0,24.51
915.0,25.742105
916.0,24.505789
917.0,25.033684
918.0,23.355789
919.0,23.695789
920.0,23.224737
921.0,23.34
922.0,25.333684
923.0,23.887895
924.0,24.785263
925.0,22.696316
926.0,22.803158
927.0,25.320526
928.0,24.566447250000003
929.0,25.592632
930.0,23.61
931.0,22.551842
932.0,23.437105
933.0,25.4284211
934.0,24.987309999999997
935.0,25.18832361111111
936.0,24.086316
937.0,24.996842
938.0,22.563157500000003
939.0,22.4174736
940.0,22.698421
941.0,24.82912275
942.0,23.316316
943.0,24.399670999999998
944.0,22.5470526
945.0,23.050526
946.0,23.141053
947.0,24.713158
948.0,23.674737
949.0,24.689924714285716
950.0,22.532632
951.0,23.832632
952.0,23.96978953333333
953.0,23.287763249999998
954.0,24.3368425
955.0,25.704035
956.0,23.105263
957.0,23.126316
958.0,25.3205788
959.0,23.141622916666666
960.0,23.377368
961.0,23.356842
962.0,23.065263
963.0,25.481053
964.0,23.30605275
965.0,25.469474
966.0,24.964912133333335
967.0,25.116842
968.0,25.158280599999998
969.0,25.339474
970.0,23.262632
971.0,24.356316
972.0,22.85497969230769
973.0,24.426052499999997
974.0,23.314135380952383
975.0,23.297368
976.0,25.854211
977.0,24.56723675
978.0,24.946579
979.0,23.3317896
980.0,23.026316
981.0,25.623158
982.0,25.425721516129038
983.0,22.789473666666666
984.0,22.785683999999996
985.0,25.116842
986.0,23.219849642857145
987.0,24.44927783720931
988.0,23.806316
989.0,25.626842
990.0,24.066316
991.0,23.084832545454542
992.0,25.583158
993.0,25.158280599999998
994.0,23.337368
995.0,23.121579
996.0,25.183684
997.0,25.327895
998.0,24.039474
999.0,24.189474
1000.0,22.695263
1001.0,25.434737
1002.0,24.745789
1003.0,24.232894666666667
1004.0,23.644737
1005.0,24.476316
1006.0,25.215986687499996
1007.0,23.397895
1008.0,24.600526
1009.0,23.459638187499998
1010.0,24.738421
1011.0,24.387895
1012.0,25.561053
1013.0,23.012105000000002
1014.0,24.478421
1015.0,24.051053
1016.0,25.132105
1017.0,24.4556842
1018.0,24.725789333333335
1019.0,23.314135380952383
1020.0,22.9726315
1021.0,24.13
1022.0,24.05552625
1023.0,23.196842
1024.0,25.371053
1025.0,23.006842
1026.0,24.716316
1027.0,25.214737
1028.0,24.572632
1029.0,23.411579
1030.0,22.81197383333333
1031.0,23.05956133333333
1032.0,22.769474
1033.0,24.725789333333335
1034.0,22.81
1035.0,24.809474
1036.0,25.536316
1037.0,23.700263
1038.0,22.81197383333333
1039.0,24.464211
1040.0,24.117732846153842
1041.0,24.361579
1042.0,23.4904385
1043.0,23.141622916666666
1044.0,25.425721516129038
1045.0,23.002632
1046.0,23.996842
1047.0,23.43995844736843
1048.0,24.685789
1049.0,23.08
1050.0,24.478421
1051.0,22.8665785
1052.0,22.846316
1053.0,25.024211
1054.0,24.3374734
1055.0,23.581053
1056.0,23.275263
1057.0,25.288947
1058.0,24.964912133333335
1059.0,24.349474
1060.0,24.43
1061.0,25.208421
1062.0,23.337368
1063.0,24.440526
1064.0,24.594737
1065.0,23.292158000000004
1066.0,22.866842
1067.0,25.422632
1068.0,24.987309999999997
1069.0,24.371579
1070.0,24.702105
1071.0,23.862105
1072.0,23.165263333333332
1073.0,22.8597365
1074.0,24.353684
1075.0,22.85497969230769
1076.0,23.136842
1077.0,24.799474
1078.0,22.521579
1079.0,25.305263
1080.0,25.112632
1081.0,24.227895
1082.0,23.197895
1083.0,24.805263
1084.0,23.048421
1085.0,25.427368
1086.0,22.845749
1087.0,25.434737
1088.0,24.082982333333334
1089.0,23.115789
1090.0,24.249824444444446
1091.0,25.2910525
1092.0,25.5139475
1093.0,23.314135380952383
1094.0,23.603684
1095.0,24.715789
1096.0,23.075263
1097.0,23.792632
1098.0,24.513158
1099.0,23.705263
1100.0,24.41233911111111
1101.0,24.131579
1102.0,23.469474
1103.0,25.246842
1104.0,23.227895
1105.0,24.877614133333335
1106.0,23.012632
1107.0,25.425721516129038
1108.0,23.385438722222222
1109.0,23.238947
1110.0,23.124737
1111.0,25.152632
1112.0,23.007368
1113.0,23.027368
1114.0,23.547368
1115.0,24.202632
1116.0,23.962632
1117.0,23.43995844736843
1118.0,23.674737
1119.0,23.238947
1120.0,23.618070333333335
1121.0,22.862631999999998
1122.0,23.900526
1123.0,24.82912275
1124.0,25.215986687499996
1125.0,25.106105200000002
1126.0,23.664737
1127.0,23.828078850000004
1128.0,23.459638187499998
1129.0,24.712632
1130.0,23.4904385
1131.0,24.924211
1132.0,22.860526
1133.0,23.206842
1134.0,24.889474
1135.0,22.935789
1136.0,25.3205788
1137.0,22.812105
1138.0,25.728947
1139.0,23.353900941176477
1140.0,23.117895
1141.0,22.947368
1142.0,25.18832361111111
1143.0,24.83763175
1144.0,22.682895000000002
1145.0,23.141622916666666
1146.0,23.173158
1147.0,25.18832361111111
1148.0,25.425721516129038
1149.0,24.37214576923077
1150.0,25.371053
1151.0,23.78
1152.0,22.894912166666668
1153.0,22.958421
1154.0,22.814737
1155.0,23.450526
1156.0,23.238947
1157.0,23.193993882352938
1158.0,23.334035166666666
1159.0,24.767895
1160.0,23.9239475
1161.0,23.925789
1162.0,23.265263500000003
1163.0,23.25184225
1164.0,23.334035166666666
1165.0,23.7831575
1166.0,24.983684
1167.0,23.8973685
1168.0,24.984737
1169.0,24.809474
1170.0,24.014737
1171.0,23.858421
1172.0,25.203552499999997
1173.0,23.617368250000002
1174.0,24.3374734
1175.0,23.458947
1176.0,24.56723675
1177.0,23.13
1178.0,24.600526
1179.0,22.938947499999998
1180.0,23.346316
1181.0,24.053158
1182.0,24.493158
1183.0,23.912456333333335
1184.0,24.338947
1185.0,23.298289500000003
1186.0,24.141053
1187.0,22.521579
1188.0,23.574737
1189.0,23.086316
1190.0,23.388947
1191.0,22.932105
1192.0,24.3368425
1193.0,25.203552499999997
1194.0,24.7401054
1195.0,23.164737
1196.0,24.814211
1197.0,24.44927783720931
1198.0,23.29
1199.0,23.262632
1200.0,24.56353371428571
1201.0,23.384737
1202.0,23.706052666666668
1203.0,23.333158
1204.0,22.922105
1205.0,25.486842
1206.0,23.881052333333333
1207.0,25.55584788888889
1208.0,24.458947
1209.0,23.590526
1210.0,23.004211
1211.0,23.291579
1212.0,23.205658000000003
1213.0,24.4807895
1214.0,23.141622916666666
1215.0,23.085263
1216.0,22.885789
1217.0,24.4755265
1218.0,23.644737
1219.0,23.346316
1220.0,22.938947499999998
1221.0,23.291053
1222.0,23.431579
1223.0,25.118947
1224.0,23.086316
1225.0,22.929474
1226.0,25.567789599999998
1227.0,23.785789
1228.0,23.093684
1229.0,23.258158
1230.0,23.5057896
1231.0,24.033158
1232.0,23.848947
1233.0,23.314135380952383
1234.0,23.292158000000004
1235.0,22.898947
1236.0,24.624737
1237.0,23.748421
1238.0,25.704035
1239.0,24.496316
1240.0,24.929474
1241.0,23.297368
1242.0,25.567789599999998
1243.0,23.075263
1244.0,24.563684
1245.0,25.137368
1246.0,25.01963553846154
1247.0,22.532632
1248.0,24.213684
1249.0,23.132105
1250.0,24.940631600000003
1251.0,23.145789
1252.0,24.978947
1253.0,22.814880363636366
1254.0,23.807368
1255.0,23.887368
1256.0,23.193993882352938
1257.0,23.826316
1258.0,22.958421
1259.0,23.224473833333334
1260.0,24.165526
1261.0,22.653684
1262.0,22.81197383333333
1263.0,23.317895
1264.0,23.424737
1265.0,23.442632
1266.0,23.450526
1267.0,23.075789
1268.0,23.887895
1269.0,25.4421055
1270.0,25.01963553846154
1271.0,24.420526
1272.0,22.956316
1273.0,24.047895
1274.0,23.715789
1275.0,23.108421
1276.0,23.787368
1277.0,24.41233911111111
1278.0,22.981053
1279.0,24.202632
1280.0,23.43995844736843
1281.0,24.264211
1282.0,22.894912166666668
1283.0,23.238947
1284.0,24.858421
1285.0,24.41233911111111
1286.0,23.079474
1287.0,22.761766928571433
1288.0,23.913684
1289.0,23.07
1290.0,23.126316
1291.0,25.291579
1292.0,23.350526
1293.0,24.924211
1294.0,24.381722363636367
1295.0,23.06
1296.0,23.31728075
1297.0,24.923684
1298.0,23.258947
1299.0,23.067368
1300.0,24.091579
1301.0,24.546316
1302.0,23.96
1303.0,24.600526
1304.0,23.572632
1305.0,23.627895
1306.0,24.659474
1307.0,22.878947
1308.0,24.612105333333332
1309.0,23.4294734
1310.0,22.995789
1311.0,23.617368250000002
1312.0,23.065263
1313.0,23.615263
1314.0,24.582105
1315.0,24.493158
1316.0,24.50749975
1317.0,24.82912275
1318.0,24.399670999999998
1319.0,24.371579
1320.0,25.207368
1321.0,24.440526
1322.0,25.732632
1323.0,24.202632
1324.0,22.643158
1325.0,22.68342125
1326.0,23.706052666666668
1327.0,24.7401054
1328.0,23.224737
1329.0,24.883509000000004
1330.0,22.734737
1331.0,22.845749
1332.0,23.250526
1333.0,25.04421057142857
1334.0,23.350526
1335.0,25.01963553846154
1336.0,25.623158
1337.0,22.535526
1338.0,22.768421
1339.0,25.425721516129038
1340.0,25.000526
1341.0,24.68
1342.0,24.476316
1343.0,25.781183999999996
1344.0,23.314135380952383
1345.0,22.416316
1346.0,23.917895
1347.0,24.279474
1348.0,25.18832361111111
1349.0,23.023158
1350.0,24.563684
1351.0,23.868421
1352.0,24.192632
1353.0,24.441579
1354.0,25.523158
1355.0,23.232105
1356.0,24.302105
1357.0,24.440526
1358.0,23.1957895
1359.0,25.207368
1360.0,23.778421
1361.0,25.4263155
1362.0,22.781053
1363.0,23.224473833333334
1364.0,23.644210545454545
1365.0,23.291053
1366.0,24.516842
1367.0,25.332865333333334
1368.0,24.624737
1369.0,24.114737
1370.0,25.265263
1371.0,24.808421
1372.0,22.910526307692308
1373.0,24.708947
1374.0,22.902368
1375.0,24.788421
1376.0,22.846842
1377.0,22.736725111111113
1378.0,23.734211
1379.0,25.031053
1380.0,23.975263
1381.0,24.696316
1382.0,25.259035
1383.0,25.118947
1384.0,24.37214576923077
1385.0,23.157895
1386.0,24.029474
1387.0,23.237017666666663
1388.0,24.665263
1389.0,24.987309999999997
1390.0,25.704035
1391.0,23.581052666666665
1392.0,24.695263
1393.0,24.415789
1394.0,24.44927783720931
1395.0,24.399670999999998
1396.0,22.744473499999998
1397.0,23.085263
1398.0,24.8745262
1399.0,23.292158000000004
1400.0,24.940631600000003
1401.0,23.518421
1402.0,23.463684
1403.0,23.504211
1404.0,24.987309999999997
1405.0,23.214737
1406.0,22.75807
1407.0,25.137368
1408.0,24.667895
1409.0,23.833684
1410.0,24.5881575
1411.0,23.751579
1412.0,22.796842
1413.0,23.608421
1414.0,24.453158
1415.0,24.021053
1416.0,24.488421
1417.0,24.827895
1418.0,22.682895000000002
1419.0,23.806842
1420.0,24.371579
1421.0,22.585789
1422.0,22.553684
1423.0,23.353900941176477
1424.0,23.912456333333335
1425.0,23.193993882352938
1426.0,24.408355249999996
1427.0,24.866842
1428.0,23.828078850000004
1429.0,24.727895
1430.0,22.815263
1431.0,25.298947
1432.0,24.452632
1433.0,24.805263
1434.0,23.607368
1435.0,23.1618425
1436.0,24.508421
1437.0,23.338421
1438.0,22.830526
1439.0,23.38436085714286
1440.0,23.6478945
1441.0,23.279474
1442.0,23.194473700000003
1443.0,25.171053
1444.0,23.15728066666667
1445.0,23.338421
1446.0,24.183158
1447.0,23.480701666666665
1448.0,24.974386
1449.0,23.086316
1450.0,23.255350833333328
1451.0,22.85497969230769
1452.0,23.786316
1453.0,23.200526
1454.0,23.403421
1455.0,25.03017566666667
1456.0,23.24
1457.0,24.505789
1458.0,22.798122833333323
1459.0,24.349474
1460.0,24.9926315
1461.0,23.496842
1462.0,23.532632
1463.0,25.368421
1464.0,23.032632
1465.0,23.712105
1466.0,25.175789
1467.0,25.095859733333334
1468.0,25.626842
1469.0,24.5571055
1470.0,22.845749
1471.0,22.513684
1472.0,22.803684
1473.0,23.870526
1474.0,24.698947
1475.0,22.814880363636366
1476.0,26.047895
1477.0,25.332865333333334
1478.0,22.891579
1479.0,22.845749
1480.0,23.023158
1481.0,23.452105250000002
1482.0,22.845749
1483.0,24.596316
1484.0,24.572806933333336
1485.0,23.590526
1486.0,23.15728066666667
1487.0,25.341579
1488.0,23.537368
1489.0,23.632105
1490.0,23.511579
1491.0,22.747368
1492.0,23.022105
1493.0,23.162982333333336
1494.0,23.169474
1495.0,24.7401054
1496.0,23.236842
1497.0,23.331842
1498.0,23.314135380952383
1499.0,25.4284211
1500.0,24.677368
1501.0,25.818421
1502.0,23.099474
1503.0,23.999737
1504.0,23.353900941176477
1505.0,24.962105
1506.0,23.397171
1507.0,24.77
1508.0,24.476316
1509.0,22.871432722222224
1510.0,24.102105
1511.0,23.632105
1512.0,23.314135380952383
1513.0,24.774211
1514.0,23.423158
1515.0,23.47383471428571
1516.0,22.981579
1517.0,24.940631600000003
1518.0,22.846842
1519.0,23.289474
1520.0,25.027368
1521.0,25.469474
1522.0,23.084832545454542
1523.0,25.68799027272727
1524.0,24.777895
1525.0,23.989474
1526.0,22.426316
1527.0,25.032105
1528.0,25.189868500000003
1529.0,22.81197383333333
1530.0,24.677895
1531.0,23.703684
1532.0,23.437368
1533.0,23.07
1534.0,22.87
1535.0,22.4174736
1536.0,24.053158
1537.0,24.596579
1538.0,25.704035
1539.0,23.9926315
1540.0,25.015394999999998
1541.0,24.803684
1542.0,24.7401054
1543.0,25.18832361111111
1544.0,22.798122833333323
1545.0,24.8751053
1546.0,25.161579
1547.0,24.602105
1548.0,25.211842500000003
1549.0,25.556842
1550.0,23.193993882352938
1551.0,23.922748555555557
1552.0,22.736725111111113
1553.0,23.255350833333328
1554.0,24.286579
1555.0,22.866842
1556.0,24.250526
1557.0,23.024210500000002
1558.0,23.068070000000002
1559.0,23.27
1560.0,22.421053
1561.0,22.624211
1562.0,25.028947
1563.0,25.552631400000003
1564.0,25.04421057142857
1565.0,24.9926315
1566.0,24.325789
1567.0,22.6902635
1568.0,24.44927783720931
1569.0,24.811579
1570.0,24.090526
1571.0,23.301579
1572.0,24.338947
1573.0,25.320526
1574.0,22.744473499999998
1575.0,23.594360714285717
1576.0,25.386316
1577.0,24.7918948
1578.0,23.065394875
1579.0,23.397171
1580.0,23.602632
1581.0,24.50749975
1582.0,25.425721516129038
1583.0,23.38436085714286
1584.0,25.814211
1585.0,25.477895
1586.0,25.4263155
1587.0,25.233158
1588.0,23.258947
1589.0,25.572105
1590.0,24.364211
1591.0,23.43995844736843
1592.0,23.554561333333336
1593.0,25.095263
1594.0,22.71191390909091
1595.0,24.202105
1596.0,24.376842
1597.0,24.593158
1598.0,23.148947
1599.0,24.082982333333334
1600.0,22.845749
1601.0,24.519474
1602.0,23.193993882352938
1603.0,24.242632
1604.0,23.531579
1605.0,23.466842
1606.0,24.167895
1607.0,22.684947599999997
1608.0,22.9094735
1609.0,25.069474
1610.0,22.8651315
1611.0,23.422046555555553
1612.0,22.394737
1613.0,22.455789
1614.0,24.648947
1615.0,22.97438633333333
1616.0,22.92528504166667
1617.0,24.319474
1618.0,24.594737
1619.0,24.001053
1620.0,22.910526307692308
1621.0,23.132105
1622.0,23.289474
1623.0,22.845749
1624.0,25.433684
1625.0,22.958421
1626.0,23.106842
1627.0,25.723684
1628.0,24.343158
1629.0,22.526316
1630.0,23.665789
1631.0,24.631053
1632.0,25.241579
1633.0,23.1947365
1634.0,23.375789
1635.0,24.126842
1636.0,24.9942105
1637.0,23.365789
1638.0,24.404211
1639.0,24.4705265
1640.0,24.05552625
1641.0,25.217368
1642.0,23.427368
1643.0,24.889474
1644.0,23.008947
1645.0,25.036316
1646.0,22.669474
1647.0,22.9548245
1648.0,23.788421
1649.0,25.213684
1650.0,22.535526
1651.0,23.451579
1652.0,24.877614133333335
1653.0,22.6814475
1654.0,24.795263
1655.0,24.812105
1656.0,22.761766928571433
1657.0,23.957368
1658.0,22.91
1659.0,23.291579
1660.0,24.865789
1661.0,24.565263
1662.0,24.983684
1663.0,23.567368
1664.0,23.427368
1665.0,23.074285857142858
1666.0,23.997895
1667.0,23.224737
1668.0,23.642105333333333
1669.0,25.246316
1670.0,23.323684
1671.0,24.009737
1672.0,22.647192999999998
1673.0,23.174211
1674.0,23.594360714285717
1675.0,23.537368
1676.0,23.422046555555553
1677.0,23.044737
1678.0,25.01963553846154
1679.0,23.288947
1680.0,23.451579
1681.0,24.057368
1682.0,23.086316
1683.0,24.11
1684.0,23.861053
1685.0,24.677368
1686.0,23.205263
1687.0,24.702632
1688.0,23.475263
1689.0,24.664737
1690.0,23.922748555555557
1691.0,25.112632
1692.0,24.643158
1693.0,25.167895
1694.0,22.6902635
1695.0,25.533158
1696.0,23.697368
1697.0,23.067368
1698.0,22.862631999999998
1699.0,23.130526200000002
1700.0,22.642105
1701.0,24.3368425
1702.0,23.305263
1703.0,23.758421
1704.0,23.509474
1705.0,24.899474
1706.0,22.704737
1707.0,22.845749
1708.0,24.657368
1709.0,22.954737
1710.0,25.727368
1711.0,22.98
1712.0,22.66842114285714
1713.0,22.971579
1714.0,24.495789
1715.0,23.144211
1716.0,24.7401054
1717.0,25.01963553846154
1718.0,25.623158
1719.0,24.572632
1720.0,24.37508766666667
1721.0,23.289474
1722.0,25.556316
1723.0,23.581943384615386
1724.0,25.175789
1725.0,23.601579
1726.0,22.753158
1727.0,22.845749
1728.0,24.37214576923077
1729.0,23.150526
1730.0,23.31
1731.0,23.079474
1732.0,23.153158
1733.0,23.644210545454545
1734.0,24.235263
1735.0,23.422632
1736.0,25.215986687499996
1737.0,22.849474
1738.0,23.174211
1739.0,24.082982333333334
1740.0,22.733158
1741.0,25.154211
1742.0,22.852781999999998
1743.0,23.134211
1744.0,23.226316
1745.0,24.6226315
1746.0,22.56649133333333
1747.0,22.905789
1748.0,24.652632
1749.0,24.29
1750.0,24.526842
1751.0,23.387368
1752.0,22.836842
1753.0,23.871579
1754.0,22.623684
1755.0,22.941579
1756.0,24.802105
1757.0,22.595263
1758.0,24.985789
1759.0,23.627895
1760.0,25.427368
1761.0,23.1076315
1762.0,24.496842
1763.0,22.714211
1764.0,24.711579
1765.0,24.689924714285716
1766.0,24.464211
1767.0,25.03
1768.0,23.782632
1769.0,23.782632
1770.0,22.703158
1771.0,23.746842
1772.0,23.223158
1773.0,23.958947
1774.0,23.141622916666666
1775.0,24.673684
1776.0,22.827895
1777.0,24.118947
1778.0,25.215986687499996
1779.0,24.385789
1780.0,22.92528504166667
1781.0,23.404737
1782.0,22.882632
1783.0,23.364737
1784.0,22.5483158
1785.0,23.444211
1786.0,22.835789
1787.0,22.798122833333323
1788.0,23.096842
1789.0,23.224473833333334
1790.0,23.175701833333335
1791.0,22.9736845
1792.0,25.498421
1793.0,25.308947
1794.0,22.842632
1795.0,23.382105
1796.0,23.987368
1797.0,24.572806933333336
1798.0,23.001579
1799.0,24.37214576923077
1800.0,22.92528504166667
1801.0,25.142632
1802.0,24.43
1803.0,23.594360714285717
1804.0,23.776316
1805.0,23.126316
1806.0,25.302105
1807.0,25.308947
1808.0,23.238947
1809.0,23.5988948
1810.0,23.44
1811.0,22.850526
1812.0,23.314135380952383
1813.0,24.293158
1814.0,25.477895
1815.0,23.38436085714286
1816.0,25.1614736
1817.0,24.436842
1818.0,23.04
1819.0,25.18832361111111
1820.0,22.85497969230769
1821.0,23.314135380952383
1822.0,24.863683999999996
1823.0,25.365789
1824.0,24.082982333333334
1825.0,23.125789
1826.0,23.398421
1827.0,25.586842
1828.0,23.674737
1829.0,24.15
1830.0,24.858947
1831.0,22.993158
1832.0,22.827895
1833.0,23.31728075
1834.0,23.6478945
1835.0,24.328947
1836.0,24.413070166666667
1837.0,22.553158
1838.0,25.463158
1839.0,23.065394875
1840.0,22.866842
1841.0,23.193993882352938
1842.0,23.43995844736843
1843.0,24.959649000000002
1844.0,23.7239475
1845.0,22.71191390909091
1846.0,23.832632
1847.0,25.5139475
1848.0,23.547368428571428
1849.0,22.826842
1850.0,23.25184225
1851.0,22.515351
1852.0,23.978070000000002
1853.0,23.196842
1854.0,23.400526
1855.0,23.314135380952383
1856.0,23.422046555555553
1857.0,23.616842
1858.0,22.871432722222224
1859.0,22.914561000000003
1860.0,22.6321055
1861.0,24.058947
1862.0,24.821053
1863.0,25.68799027272727
1864.0,24.492105
1865.0,22.81197383333333
1866.0,24.778421
1867.0,25.4263155
1868.0,22.416316
1869.0,23.043684
1870.0,23.175701833333335
1871.0,25.167895
1872.0,23.767368
1873.0,24.493158
1874.0,24.7401054
1875.0,24.387895
1876.0,22.895789
1877.0,23.798420999999998
1878.0,24.115263
1879.0,23.778421
1880.0,23.1076315
1881.0,24.585789333333334
1882.0,24.44927783720931
1883.0,22.896842
1884.0,22.864737
1885.0,23.069474
1886.0,23.624737
1887.0,23.372632
1888.0,25.137895
1889.0,25.727368
1890.0,22.56649133333333
1891.0,23.274211
1892.0,25.338947
1893.0,25.640526
1894.0,22.783158
1895.0,25.49921066666667
1896.0,23.455789
1897.0,23.190701666666666
1898.0,23.545263
1899.0,24.56723675
1900.0,23.828078850000004
1901.0,25.431053
1902.0,24.084211
1903.0,24.646316
1904.0,24.787368
1905.0,24.505789
1906.0,23.5057896
1907.0,23.632632
1908.0,23.493947499999997
1909.0,23.409561333333333
1910.0,25.210526
1911.0,24.793158
1912.0,23.384737
1913.0,22.759474
1914.0,24.05552625
1915.0,25.300526
1916.0,22.66842114285714
1917.0,23.1078945
1918.0,25.523158
1919.0,24.039474
1920.0,23.397171
1921.0,22.785683999999996
1922.0,25.214737
1923.0,23.093684
1924.0,24.140526
1925.0,23.663158
1926.0,23.323684
1927.0,22.978947
1928.0,23.687895
1929.0,23.45381575
1930.0,24.2971055
1931.0,23.617368250000002
1932.0,22.9418425
1933.0,23.314135380952383
1934.0,23.548947
1935.0,22.769474
1936.0,24.37214576923077
1937.0,23.574737
1938.0,22.871432722222224
1939.0,23.705263
1940.0,24.711579
1941.0,23.521053
1942.0,23.011579
1943.0,25.259035
1944.0,23.193993882352938
1945.0,24.911053
1946.0,26.071053
1947.0,23.13
1948.0,22.411579
1949.0,22.6902635
1950.0,23.323684
1951.0,25.302105
1952.0,25.086316
1953.0,24.793158
1954.0,22.902368
1955.0,23.307368
1956.0,24.642632
1957.0,22.421053
1958.0,23.238947
1959.0,23.792105
1960.0,24.56723675
1961.0,23.649474
1962.0,23.082105
1963.0,23.601579
1964.0,24.260526
1965.0,22.871432722222224
1966.0,23.545263
1967.0,25.463158
1968.0,24.258421
1969.0,24.83763175
1970.0,23.968947
1971.0,23.145789166666663
1972.0,25.147368
1973.0,24.601579
1974.0,23.43995844736843
1975.0,23.091053
1976.0,24.091579
1977.0,23.016316
1978.0,23.2926315
1979.0,24.058947
1980.0,25.018596666666667
1981.0,23.126316
1982.0,25.345263
1983.0,23.047368
1984.0,22.805789
1985.0,23.636316
1986.0,24.351053
1987.0,23.328421
1988.0,23.314135380952383
1989.0,24.594737
1990.0,23.05956133333333
1991.0,22.845749
1992.0,25.132105
1993.0,22.666316
1994.0,23.323684
1995.0,25.032105
1996.0,22.798122833333323
1997.0,22.951228
1998.0,24.903684
1999.0,23.186842
2000.0,22.871432722222224
2001.0,24.057895
2002.0,23.762632
2003.0,25.158280599999998
2004.0,24.793684
2005.0,23.15728066666667
2006.0,24.37214576923077
2007.0,25.282105
2008.0,22.764407875
2009.0,22.910526307692308
2010.0,25.381579
2011.0,23.541316000000002
2012.0,24.93631566666667
2013.0,23.466842
2014.0,25.095263
2015.0,25.095859733333334
2016.0,23.31728075
2017.0,24.924211
2018.0,23.2352635
2019.0,25.015394999999998
2020.0,24.631579
2021.0,24.993158
2022.0,23.604737
2023.0,22.845749
2024.0,24.689924714285716
2025.0,26.063684
2026.0,25.876579
2027.0,25.876579
2028.0,24.165526
2029.0,24.178947
2030.0,24.07
2031.0,24.588421
2032.0,23.224473833333334
2033.0,23.934211
2034.0,23.397171
2035.0,24.508421
2036.0,24.948947
2037.0,23.394211
2038.0,22.636316
2039.0,23.113684
2040.0,24.502105
2041.0,23.132105
2042.0,25.48
2043.0,24.082982333333334
2044.0,25.314211
2045.0,25.18832361111111
2046.0,24.506842
2047.0,24.403859666666666
2048.0,23.828078850000004
2049.0,25.03017566666667
2050.0,24.621053
2051.0,22.85497969230769
2052.0,23.314135380952383
2053.0,23.354737
2054.0,25.387895
2055.0,24.923158
2056.0,22.535526
2057.0,25.156316
2058.0,23.43995844736843
2059.0,24.1651755
2060.0,23.368421
2061.0,25.7694735
2062.0,25.661579
2063.0,22.81197383333333
2064.0,22.4174736
2065.0,23.009474
2066.0,23.028947
2067.0,24.200526
2068.0,25.425721516129038
2069.0,25.118596666666665
2070.0,23.238947
2071.0,23.3092105
2072.0,23.226316
2073.0,25.095859733333334
2074.0,24.948421
2075.0,24.03
2076.0,23.025789
2077.0,22.946842
2078.0,22.624737
2079.0,23.466842
2080.0,25.75
2081.0,24.88228033333333
2082.0,24.264211
2083.0,22.694385999999998
2084.0,22.631053
2085.0,24.685263
2086.0,23.617368250000002
2087.0,23.309122666666667
2088.0,24.578421
2089.0,22.644211
2090.0,22.718421
2091.0,22.667368
2092.0,22.743684
2093.0,23.318947
2094.0,22.5470526
2095.0,24.29
2096.0,23.770526
2097.0,24.41233911111111
2098.0,22.465789
2099.0,24.583684
2100.0,22.778947
2101.0,23.611053
2102.0,23.045368400000005
2103.0,24.647895
2104.0,23.082105
2105.0,23.791053
2106.0,25.115555555555556
2107.0,24.419474
2108.0,22.85497969230769
2109.0,23.352763250000002
2110.0,23.43995844736843
2111.0,23.004211
2112.0,23.355789
2113.0,23.298289500000003
2114.0,23.232105
2115.0,25.03
2116.0,23.712632
2117.0,22.8
2118.0,22.738947333333332
2119.0,23.200526
2120.0,25.015394999999998
2121.0,24.451579
2122.0,24.242631666666668
2123.0,22.764407875
2124.0,23.437368
2125.0,22.658421
2126.0,24.703684
2127.0,24.464211
2128.0,23.871579
2129.0,24.964912133333335
2130.0,23.594360714285717
2131.0,22.824210333333337
2132.0,25.425721516129038
2133.0,23.009474
2134.0,22.910526307692308
2135.0,24.258421
2136.0,25.332706857142856
2137.0,23.038421
2138.0,23.178947333333337
2139.0,25.431053
2140.0,24.784737
2141.0,23.607368
2142.0,22.852781999999998
2143.0,25.02
2144.0,23.150526
2145.0,23.7239475
2146.0,22.956316
2147.0,25.863158
2148.0,24.289298333333335
2149.0,24.081579
2150.0,24.985789
2151.0,22.824210333333337
2152.0,24.482632
2153.0,25.425721516129038
2154.0,24.37214576923077
2155.0,22.721053
2156.0,25.462632
2157.0,23.244737
2158.0,24.515789
2159.0,23.943158
2160.0,25.194737
2161.0,23.032632
2162.0,24.415263
2163.0,23.7831575
2164.0,23.314135380952383
2165.0,24.751053
2166.0,24.912632
2167.0,24.004737
2168.0,25.233684
2169.0,25.105263
2170.0,24.199474
2171.0,22.975263
2172.0,24.812632
2173.0,24.56353371428571
2174.0,25.567789599999998
2175.0,25.611842
2176.0,23.730526
2177.0,25.028421
2178.0,24.689924714285716
2179.0,22.5705265
2180.0,23.355263
2181.0,23.310526
2182.0,25.042105
2183.0,24.591053
2184.0,23.208947
2185.0,24.584211
2186.0,23.314135380952383
2187.0,24.354211
2188.0,24.689924714285716
2189.0,24.411579
2190.0,23.709474
2191.0,22.910526307692308
2192.0,24.808421
2193.0,23.385438722222222
2194.0,22.9073685
2195.0,25.332865333333334
2196.0,23.644211
2197.0,22.720526
2198.0,25.425721516129038
2199.0,23.296316
2200.0,24.921579
2201.0,24.205263
2202.0,24.725789333333335
2203.0,24.8745262
2204.0,22.813158
2205.0,24.531674636363633
2206.0,23.872632
2207.0,24.4705265
2208.0,24.553684
2209.0,24.940631600000003
2210.0,25.2910525
2211.0,24.057982499999998
2212.0,24.530526
2213.0,22.7091576
2214.0,23.850526
2215.0,23.416316
2216.0,23.834474
2217.0,23.314135380952383
2218.0,24.903333500000002
2219.0,22.91
2220.0,24.534737
2221.0,24.458947
2222.0,23.143684
2223.0,23.921053
2224.0,24.451579
2225.0,25.471053
2226.0,23.075986875000005
2227.0,23.547368
2228.0,25.027368
2229.0,22.845749
2230.0,23.409561333333333
2231.0,22.845749
2232.0,24.663684
2233.0,24.751053
2234.0,22.845749
2235.0,24.086316
2236.0,22.813158
2237.0,22.68342125
2238.0,25.620526
2239.0,24.464211
2240.0,23.194473700000003
2241.0,22.465789
2242.0,23.200526
2243.0,25.3205788
2244.0,23.416316
2245.0,24.021579
2246.0,22.642105
2247.0,24.404211
2248.0,23.473684
2249.0,24.848421
2250.0,22.761766928571433
2251.0,23.314135380952383
2252.0,25.03
2253.0,23.459638187499998
2254.0,22.521579
2255.0,25.300526
2256.0,23.397171
2257.0,24.6589474
2258.0,23.431447499999997
2259.0,23.675965
2260.0,23.934824499999994
2261.0,23.397171
2262.0,22.798122833333323
2263.0,23.956316
2264.0,23.43995844736843
2265.0,24.338947
2266.0,23.533158
2267.0,25.194211
2268.0,23.067895
2269.0,22.738947
2270.0,25.700000000000003
2271.0,25.167895
2272.0,25.854211
2273.0,22.867368
2274.0,24.021053
2275.0,24.9178945
2276.0,23.617368250000002
2277.0,25.536842
2278.0,25.425721516129038
2279.0,22.925263
2280.0,23.922748555555557
2281.0,23.976316
2282.0,24.399670999999998
2283.0,22.973684
2284.0,25.876579
2285.0,24.037368
2286.0,23.6742105
2287.0,23.353900941176477
2288.0,24.414211
2289.0,24.83763175
2290.0,23.281053
2291.0,23.023158
2292.0,24.387895
2293.0,25.214737
2294.0,23.314135380952383
2295.0,22.986316
2296.0,22.845749
2297.0,25.786842
2298.0,25.345263
2299.0,24.6226315
2300.0,25.152105
2301.0,24.408355249999996
2302.0,23.422046555555553
2303.0,22.792632
2304.0,25.203684
2305.0,25.147368
2306.0,23.437105
2307.0,23.087895
2308.0,23.086316
2309.0,22.585789
2310.0,24.010526
2311.0,22.929474
2312.0,23.141622916666666
2313.0,23.706052666666668
2314.0,23.943158
2315.0,22.798122833333323
2316.0,25.296316
2317.0,24.93631566666667
2318.0,23.573157833333337
2319.0,23.540526
2320.0,23.587895
2321.0,23.188421
2322.0,22.764407875
2323.0,22.764407875
2324.0,22.515351
2325.0,23.331842
2326.0,24.286316
2327.0,24.3368425
2328.0,22.476842
2329.0,23.268947
2330.0,25.004737
2331.0,24.104737
2332.0,24.772632
2333.0,22.907895
2334.0,24.56353371428571
2335.0,23.783158
2336.0,24.952631500000003
2337.0,23.973684
2338.0,24.057982499999998
2339.0,23.2519998
2340.0,22.860526
2341.0,25.556316
2342.0,24.603158
2343.0,25.203552499999997
2344.0,23.132105
2345.0,24.959474
2346.0,23.894211
2347.0,25.68799027272727
2348.0,25.214737
2349.0,23.705263
2350.0,22.941579
2351.0,23.547368428571428
2352.0,23.281053
2353.0,23.263158
2354.0,22.888460111111115
2355.0,23.59
2356.0,25.462982333333333
2357.0,24.347368
2358.0,24.326842
2359.0,23.545263
2360.0,25.447368
2361.0,23.3317896
2362.0,24.553684
2363.0,25.125263
2364.0,23.663158
2365.0,22.559474
2366.0,22.466316
2367.0,23.193993882352938
2368.0,24.9926315
2369.0,24.368421
2370.0,22.883684
2371.0,24.948947
2372.0,24.325789
2373.0,25.085789
2374.0,23.618070333333335
2375.0,24.676842
2376.0,23.2969474
2377.0,24.784211
2378.0,23.974737
2379.0,24.804210666666666
2380.0,22.894912166666668
2381.0,25.128947
2382.0,23.307895
2383.0,24.338947
2384.0,24.03657875
2385.0,25.103158
2386.0,22.573158
2387.0,24.5881575
2388.0,24.2383156
2389.0,22.819210499999997
2390.0,24.242631666666668
2391.0,23.662632
2392.0,23.5988948
